Total_Persons_At_Work,Total,Teleworked_Some_Hours,Teleworked_All_Hours,Did_Not_Telework,Total_Persons_At_Work_Percent,Total_Teleworked_Worked_Home_Percent,Teleworked_Some_Hours_Percent,Teleworked_All_Hours_Percent,Did_Not_Telework_Percent,Teleworked_Hours_Thousands,Avg_Weekly_Hours_Teleworked,Avg_Weekly_Hours_Worked,Telework_Hours_Percent,Telework_Hours_Percent_1,"Employment_Status_Occupation_Management, professional, and related occupations","Employment_Status_Occupation_Natural resources, construction, and maintenance occupations",Employment_Status_Occupation_Nonagricultural industries,"Employment_Status_Occupation_Production, transportation, and material moving occupations",Employment_Status_Occupation_Sales and office occupations,Employment_Status_Occupation_Self-employed workers,Employment_Status_Occupation_Service occupations,"Employment_Status_Occupation_Total, 16 years and over","Employment_Status_Occupation_Wage and salary workers, excluding incorporated self-employed",Employment_Status_Occupation_    Building and grounds cleaning and maintenance occupations,Employment_Status_Occupation_    Construction,Employment_Status_Occupation_    Construction and extraction occupations,Employment_Status_Occupation_    Education and health services,"Employment_Status_Occupation_    Farming, fishing, and forestry occupations",Employment_Status_Occupation_    Financial activities,Employment_Status_Occupation_    Food preparation and serving related occupations,Employment_Status_Occupation_    Full-time workers,Employment_Status_Occupation_    Government,Employment_Status_Occupation_    Healthcare support occupations,Employment_Status_Occupation_    Information,"Employment_Status_Occupation_    Installation, maintenance, and repair occupations",Employment_Status_Occupation_    Leisure and hospitality,"Employment_Status_Occupation_    Management, business, and financial operations occupations",Employment_Status_Occupation_    Manufacturing,"Employment_Status_Occupation_    Mining, quarrying, and oil and gas extraction",Employment_Status_Occupation_    Office and administrative support occupations,Employment_Status_Occupation_    Other services,Employment_Status_Occupation_    Part-time workers,Employment_Status_Occupation_    Personal care and service occupations,Employment_Status_Occupation_    Private industries,Employment_Status_Occupation_    Production occupations,Employment_Status_Occupation_    Professional and business services,Employment_Status_Occupation_    Professional and related occupations,Employment_Status_Occupation_    Protective service occupations,Employment_Status_Occupation_    Public administration,"Employment_Status_Occupation_    Self-employed workers, incorporated","Employment_Status_Occupation_    Self-employed workers, unincorporated",Employment_Status_Occupation_    Transportation and material moving occupations,Employment_Status_Occupation_    Transportation and utilities,Employment_Status_Occupation_    Wholesale and retail trade,Employment_Status_Occupation_     Sales and related occupations,Employment_Status_Occupation_       Accommodation and food services,Employment_Status_Occupation_       Architecture and engineering occupations,"Employment_Status_Occupation_       Arts, design, entertainment, sports, and media occupations","Employment_Status_Occupation_       Arts, entertainment, and recreation",Employment_Status_Occupation_       Business and financial operations occupations,Employment_Status_Occupation_       Community and social services occupations,Employment_Status_Occupation_       Computer and mathematical occupations,Employment_Status_Occupation_       Durable goods manufacturing,"Employment_Status_Occupation_       Education, training, and library occupations",Employment_Status_Occupation_       Educational services,Employment_Status_Occupation_       Federal,Employment_Status_Occupation_       Finance and insurance,Employment_Status_Occupation_       Health care and social assistance,Employment_Status_Occupation_       Healthcare practitioners and technical occupations,Employment_Status_Occupation_       Legal occupations,"Employment_Status_Occupation_       Life, physical, and social science occupations",Employment_Status_Occupation_       Local,Employment_Status_Occupation_       Management occupations,"Employment_Status_Occupation_       Management, administrative, and waste services",Employment_Status_Occupation_       Nondurable goods manufacturing,"Employment_Status_Occupation_       Other services, except private households",Employment_Status_Occupation_       Private households,Employment_Status_Occupation_       Professional and technical services,Employment_Status_Occupation_       Real estate and rental and leasing,Employment_Status_Occupation_       Retail trade,Employment_Status_Occupation_       State,Employment_Status_Occupation_       Transportation and warehousing,Employment_Status_Occupation_       Utilities,Employment_Status_Occupation_       Wholesale trade,"Employment_Status_Occupation_          Health services, except hospitals",Employment_Status_Occupation_          Hospitals,Employment_Status_Occupation_          Social assistance
157329,37340,19819,17521,119989,100,23.7,12.6,11.1,76.3,3.9946423913412263,-0.008056510146933931,0.03633181345959177,0.007930709546333074,0.3930079875122638,False,False,False,False,False,False,False,True,False,False,False,False,False,False,False,False,False,False,False,False,False,False,False,False,False,False,False,False,False,False,False,False,False,False,False,False,False,False,False,False,False,False,False,False,False,False,False,False,False,False,False,False,False,False,False,False,False,False,False,False,False,False,False,False,False,False,False,False,False,False,False,False,False
130756,32816,18172,14644,97939,100,25.1,13.9,11.2,74.9,3.22009679172344,0.15640742112840356,1.0659908672505272,0.04099394934513028,0.3219014078645687,False,False,False,False,False,False,False,False,False,False,False,False,False,False,False,False,True,False,False,False,False,False,False,False,False,False,False,False,False,False,False,False,False,False,False,False,False,False,False,False,False,False,False,False,False,False,False,False,False,False,False,False,False,False,False,False,False,False,False,False,False,False,False,False,False,False,False,False,False,False,False,False,False
26573,4524,1648,2876,22049,100,17.0,6.2,10.8,83.0,0.18338719156614405,-0.7687021922953698,-5.083361815112003,-0.3061700685422386,1.4359044890118027,False,False,False,False,False,False,False,False,False,False,False,False,False,False,False,False,False,False,False,False,False,False,False,False,False,False,False,True,False,False,False,False,False,False,False,False,False,False,False,False,False,False,False,False,False,False,False,False,False,False,False,False,False,False,False,False,False,False,False,False,False,False,False,False,False,False,False,False,False,False,False,False,False
68917,27102,15042,12060,41815,100,39.3,21.8,17.5,60.7,1.417623403895032,0.834821137639171,0.4367547788227328,0.8097142746671613,0.26264592482482224,True,False,False,False,False,False,False,False,False,False,False,False,False,False,False,False,False,False,False,False,False,False,False,False,False,False,False,False,False,False,False,False,False,False,False,False,False,False,False,False,False,False,False,False,False,False,False,False,False,False,False,False,False,False,False,False,False,False,False,False,False,False,False,False,False,False,False,False,False,False,False,False,False
30097,13977,7488,6489,16120,100,46.4,24.9,21.6,53.6,0.28610418599857845,1.3487709228746008,0.9515843057181995,1.2064731522527254,0.4641145671599605,False,False,False,False,False,False,False,False,False,False,False,False,False,False,False,False,False,False,False,False,False,False,True,False,False,False,False,False,False,False,False,False,False,False,False,False,False,False,False,False,False,False,False,False,False,False,False,False,False,False,False,False,False,False,False,False,False,False,False,False,False,False,False,False,False,False,False,False,False,False,False,False,False
20567,8317,4856,3461,12250,100,40.4,23.6,16.8,59.6,0.008325253835950853,0.9170531032768398,1.180397428782853,0.7518536050192662,0.0019217994499375452,False,False,False,False,False,False,False,False,False,False,False,False,False,False,False,False,False,False,False,False,False,False,False,False,False,False,False,False,False,False,False,False,False,False,False,False,False,False,False,False,False,False,False,False,False,False,False,False,False,False,False,False,False,False,False,False,False,False,True,False,False,False,False,False,False,False,False,False,False,False,False,False,False
9530,5660,2632,3028,3870,100,59.4,27.6,31.8,40.6,-0.3133794758890146,2.273880536298374,0.40815313843965084,2.256231015864531,1.1988825568528167,False,False,False,False,False,False,False,False,False,False,False,False,False,False,False,False,False,False,False,False,False,False,False,False,False,False,False,False,False,False,False,False,False,False,False,False,False,False,False,False,False,False,False,False,False,True,False,False,False,False,False,False,False,False,False,False,False,False,False,False,False,False,False,False,False,False,False,False,False,False,False,False,False
38820,13125,7554,5571,25695,100,33.8,19.5,14.4,66.2,0.5403608098448114,0.44421930086024425,0.03633181345959177,0.4708160667294916,0.02562399266583646,False,False,False,False,False,False,False,False,False,False,False,False,False,False,False,False,False,False,False,False,False,False,False,False,False,False,False,False,False,False,False,False,True,False,False,False,False,False,False,False,False,False,False,False,False,False,False,False,False,False,False,False,False,False,False,False,False,False,False,False,False,False,False,False,False,False,False,False,False,False,False,False,False
6186,4441,1926,2515,1746,100,71.8,31.1,40.6,28.2,-0.41084985880106356,3.1989901497221473,0.49395805958889666,3.1654701103314493,1.4714577788356502,False,False,False,False,False,False,False,False,False,False,False,False,False,False,False,False,False,False,False,False,False,False,False,False,False,False,False,False,False,False,False,False,False,False,False,False,False,False,False,False,False,False,False,False,False,False,False,True,False,False,False,False,False,False,False,False,False,False,False,False,False,False,False,False,False,False,False,False,False,False,False,False,False
3228,1347,884,463,1880,100,41.7,27.4,14.3,58.3,-0.4970691747860638,0.8142631462297538,0.8371777441858738,0.7022587453210709,-0.28250451914084523,False,False,False,False,False,False,False,False,False,False,False,False,False,False,False,False,False,False,False,False,False,False,False,False,False,False,False,False,False,False,False,False,False,False,False,False,False,False,False,False,False,False,True,False,False,False,False,False,False,False,False,False,False,False,False,False,False,False,False,False,False,False,False,False,False,False,False,False,False,False,False,False,False
1722,744,490,254,978,100,43.2,28.5,14.8,56.8,-0.5409658245066218,0.629241223544999,0.007730173076509839,0.6774613154719731,-0.638037417379324,False,False,False,False,False,False,False,False,False,False,False,False,False,False,False,False,False,False,False,False,False,False,False,False,False,False,False,False,False,False,False,False,False,False,False,False,False,False,False,False,False,False,False,False,False,False,False,False,False,False,False,False,False,False,False,False,True,False,False,False,False,False,False,False,False,False,False,False,False,False,False,False,False
2900,1073,793,280,1826,100,37.0,27.4,9.7,63.0,-0.5066296668898772,0.21808139535665527,-0.22108294998814157,0.2641708179870102,-1.2424433443847378,False,False,False,False,False,False,False,False,False,False,False,False,False,False,False,False,False,False,False,False,False,False,False,False,False,False,False,False,False,False,False,False,False,False,False,False,False,False,False,False,False,False,False,False,False,False,True,False,False,False,False,False,False,False,False,False,False,False,False,False,False,False,False,False,False,False,False,False,False,False,False,False,False
1834,1056,691,364,779,100,57.5,37.7,19.9,42.5,-0.5377012662272708,1.6365828026064413,1.0087875864843634,1.4709790706431018,-0.6261863207713745,False,False,False,False,False,False,False,False,False,False,False,False,False,False,False,False,False,False,False,False,False,False,False,False,False,False,False,False,False,False,False,False,False,False,False,False,False,False,False,False,False,False,False,False,False,False,False,False,False,False,False,False,False,False,False,True,False,False,False,False,False,False,False,False,False,False,False,False,False,False,False,False,False
9564,1438,1111,327,8126,100,15.0,11.6,3.4,85.0,-0.31238844926849735,-0.7687021922953698,-0.19248130960506168,-0.769055425725397,-2.214233266236579,False,False,False,False,False,False,False,False,False,False,False,False,False,False,False,False,False,False,False,False,False,False,False,False,False,False,False,False,False,False,False,False,False,False,False,False,False,False,False,False,False,False,False,False,False,False,False,False,False,True,False,False,False,False,False,False,False,False,False,False,False,False,False,False,False,False,False,False,False,False,False,False,False
3555,1662,793,869,1893,100,46.7,22.3,24.4,53.3,-0.4875378305240303,1.1226330173710117,-0.9933272403313437,1.4461816407940038,0.6300299196712495,False,False,False,False,False,False,False,False,False,False,False,False,False,False,False,False,False,False,False,False,False,False,False,False,False,False,False,False,False,False,False,False,False,False,False,False,False,False,False,False,False,False,False,True,False,False,False,False,False,False,False,False,False,False,False,False,False,False,False,False,False,False,False,False,False,False,False,False,False,False,False,False,False
9832,1364,865,499,8467,100,13.9,8.8,5.1,86.1,-0.3045768276714791,-0.6864702266577012,0.007730173076509839,-0.7029289461278029,-0.9817192190098532,False,False,False,False,False,False,False,False,False,False,False,False,False,False,False,False,False,False,False,False,False,False,False,False,False,False,False,False,False,False,False,False,False,False,False,False,False,False,False,False,False,False,False,False,False,False,False,False,False,False,False,False,False,False,True,False,False,False,False,False,False,False,False,False,False,False,False,False,False,False,False,False,False
26229,1506,676,830,24723,100,5.7,2.6,3.2,94.3,0.17336033399385195,-0.994840097798959,-1.0505305210975076,-0.9839664844175777,0.49966785698380806,False,False,False,False,False,False,True,False,False,False,False,False,False,False,False,False,False,False,False,False,False,False,False,False,False,False,False,False,False,False,False,False,False,False,False,False,False,False,False,False,False,False,False,False,False,False,False,False,False,False,False,False,False,False,False,False,False,False,False,False,False,False,False,False,False,False,False,False,False,False,False,False,False
5517,507,118,390,5009,100,9.2,2.1,7.1,90.8,-0.43034976495182936,-0.6659122352482839,-0.821717398032854,-0.6285366565805097,2.7869295023180207,False,False,False,False,False,False,False,False,False,False,False,False,False,False,False,False,False,False,True,False,False,False,False,False,False,False,False,False,False,False,False,False,False,False,False,False,False,False,False,False,False,False,False,False,False,False,False,False,False,False,False,False,False,False,False,False,False,False,False,False,False,False,False,False,False,False,False,False,False,False,False,False,False
3183,230,157,73,2953,100,7.2,4.9,2.3,92.8,-0.49838082766616015,-0.9742821063895418,0.8371777441858738,-1.0335613441157732,-1.4794652765437237,False,False,False,False,False,False,False,False,False,False,False,False,False,False,False,False,False,False,False,False,False,False,False,False,False,False,False,False,False,False,False,False,False,True,False,False,False,False,False,False,False,False,False,False,False,False,False,False,False,False,False,False,False,False,False,False,False,False,False,False,False,False,False,False,False,False,False,False,False,False,False,False,False
7751,133,90,43,7617,100,1.7,1.2,0.6,98.3,-0.3652334864154904,-1.2415359947119653,-1.9085797325899523,-1.2567382127576532,-1.5150185663675713,False,False,False,False,False,False,False,False,False,False,False,False,False,False,False,True,False,False,False,False,False,False,False,False,False,False,False,False,False,False,False,False,False,False,False,False,False,False,False,False,False,False,False,False,False,False,False,False,False,False,False,False,False,False,False,False,False,False,False,False,False,False,False,False,False,False,False,False,False,False,False,False,False
5661,205,169,36,5456,100,3.6,3.0,0.6,96.4,-0.426152475735521,-1.1798620204837138,-0.8789206787990179,-1.2071433530594577,-3.1623209948725224,False,False,False,False,False,False,False,False,False,True,False,False,False,False,False,False,False,False,False,False,False,False,False,False,False,False,False,False,False,False,False,False,False,False,False,False,False,False,False,False,False,False,False,False,False,False,False,False,False,False,False,False,False,False,False,False,False,False,False,False,False,False,False,False,False,False,False,False,False,False,False,False,False
4117,430,142,288,3688,100,10.4,3.5,7.0,89.6,-0.4711567434437159,-0.7070282180671184,-1.5081567672268104,-0.6285366565805097,1.6966286143866856,False,False,False,False,False,False,False,False,False,False,False,False,False,False,False,False,False,False,False,False,False,False,False,False,False,False,False,False,True,False,False,False,False,False,False,False,False,False,False,False,False,False,False,False,False,False,False,False,False,False,False,False,False,False,False,False,False,False,False,False,False,False,False,False,False,False,False,False,False,False,False,False,False
28776,7601,3475,4126,21176,100,26.4,12.1,14.3,73.6,0.2475998870073055,0.19752340394723797,-0.42129443266971306,0.28070243788640864,0.961860624693831,False,False,False,False,True,False,False,False,False,False,False,False,False,False,False,False,False,False,False,False,False,False,False,False,False,False,False,False,False,False,False,False,False,False,False,False,False,False,False,False,False,False,False,False,False,False,False,False,False,False,False,False,False,False,False,False,False,False,False,False,False,False,False,False,False,False,False,False,False,False,False,False,False
13344,3357,1726,1631,9987,100,25.2,12.9,12.2,74.8,-0.20220960734040372,0.09473344690015202,-0.36409115190354924,0.15671528864091977,0.4878167603758594,False,False,False,False,False,False,False,False,False,False,False,False,False,False,False,False,False,False,False,False,False,False,False,False,False,False,False,False,False,False,False,False,False,False,False,False,False,False,False,False,True,False,False,False,False,False,False,False,False,False,False,False,False,False,False,False,False,False,False,False,False,False,False,False,False,False,False,False,False,False,False,False,False
15432,4243,1748,2495,11189,100,27.5,11.3,16.2,72.5,-0.14134891370393296,0.30031336099432393,-0.47849771343587694,0.3964237771821984,1.3647979093641058,False,False,False,False,False,False,False,False,False,False,False,False,False,False,False,False,False,False,False,False,False,False,False,False,False,True,False,False,False,False,False,False,False,False,False,False,False,False,False,False,False,False,False,False,False,False,False,False,False,False,False,False,False,False,False,False,False,False,False,False,False,False,False,False,False,False,False,False,False,False,False,False,False
14136,526,336,190,13610,100,3.7,2.4,1.3,96.3,-0.17912451665070792,-1.118188046255462,0.6655679018873841,-1.1740801132606606,-0.8276549631065128,False,True,False,False,False,False,False,False,False,False,False,False,False,False,False,False,False,False,False,False,False,False,False,False,False,False,False,False,False,False,False,False,False,False,False,False,False,False,False,False,False,False,False,False,False,False,False,False,False,False,False,False,False,False,False,False,False,False,False,False,False,False,False,False,False,False,False,False,False,False,False,False,False
1023,48,21,28,974,100,4.7,2.0,2.7,95.3,-0.5613401659107851,-1.0565140720272106,0.6369662615043042,-1.1079536336630664,0.10265612061750752,False,False,False,False,False,False,False,False,False,False,False,False,False,True,False,False,False,False,False,False,False,False,False,False,False,False,False,False,False,False,False,False,False,False,False,False,False,False,False,False,False,False,False,False,False,False,False,False,False,False,False,False,False,False,False,False,False,False,False,False,False,False,False,False,False,False,False,False,False,False,False,False,False
8299,244,176,69,8055,100,2.9,2.1,0.8,97.1,-0.34926046912009484,-1.1593040290742964,0.6083646211212224,-1.215409163009157,-1.3728054070721794,False,False,False,False,False,False,False,False,False,False,False,True,False,False,False,False,False,False,False,False,False,False,False,False,False,False,False,False,False,False,False,False,False,False,False,False,False,False,False,False,False,False,False,False,False,False,False,False,False,False,False,False,False,False,False,False,False,False,False,False,False,False,False,False,False,False,False,False,False,False,False,False,False
4815,233,140,94,4581,100,4.8,2.9,1.9,95.2,-0.45081154988133243,-1.0565140720272106,0.75137282303663,-1.1162194436127657,-0.40101548522033814,False,False,False,False,False,False,False,False,False,False,False,False,False,False,False,False,False,False,False,False,True,False,False,False,False,False,False,False,False,False,False,False,False,False,False,False,False,False,False,False,False,False,False,False,False,False,False,False,False,False,False,False,False,False,False,False,False,False,False,False,False,False,False,False,False,False,False,False,False,False,False,False,False
19270,606,291,315,18664,100,3.1,1.5,1.6,96.9,-0.029479496952604024,-1.1387460376648793,0.23654329614116126,-1.18234592321036,0.03747508927378592,False,False,False,True,False,False,False,False,False,False,False,False,False,False,False,False,False,False,False,False,False,False,False,False,False,False,False,False,False,False,False,False,False,False,False,False,False,False,False,False,False,False,False,False,False,False,False,False,False,False,False,False,False,False,False,False,False,False,False,False,False,False,False,False,False,False,False,False,False,False,False,False,False
7462,349,156,193,7113,100,4.7,2.1,2.6,95.3,-0.373657212689887,-1.0565140720272106,0.5511613403550585,-1.0996878237133674,0.6300299196712495,False,False,False,False,False,False,False,False,False,False,False,False,False,False,False,False,False,False,False,False,False,False,False,False,False,False,False,False,False,False,True,False,False,False,False,False,False,False,False,False,False,False,False,False,False,False,False,False,False,False,False,False,False,False,False,False,False,False,False,False,False,False,False,False,False,False,False,False,False,False,False,False,False
11809,257,135,122,11552,100,2.2,1.1,1.0,97.8,-0.2469515444725793,-1.200420011893131,0.03633181345959177,-1.2319407829085554,-0.661739610595222,False,False,False,False,False,False,False,False,False,False,False,False,False,False,False,False,False,False,False,False,False,False,False,False,False,False,False,False,False,False,False,False,False,False,False,False,False,True,False,False,False,False,False,False,False,False,False,False,False,False,False,False,False,False,False,False,False,False,False,False,False,False,False,False,False,False,False,False,False,False,False,False,False
2228,305,117,188,1923,100,13.7,5.2,8.4,86.3,-0.5262170165659827,-0.35754236410702617,1.3806089114644224,-0.47148626753622375,1.222584750068714,False,False,False,False,False,False,False,False,False,False,False,False,False,False,False,False,False,False,False,False,False,False,False,False,False,False,False,False,False,False,False,False,False,False,False,False,False,False,False,False,False,False,False,False,False,False,False,False,False,False,False,False,False,False,False,False,False,False,False,False,False,False,False,False,False,False,False,False,False,False,False,False,False
155101,37035,19703,17332,118066,100,23.9,12.7,11.2,76.1,3.929700999855567,0.012501481262483367,0.007730173076509839,0.016196519496032447,0.38115689090431515,False,False,True,False,False,False,False,False,False,False,False,False,False,False,False,False,False,False,False,False,False,False,False,False,False,False,False,False,False,False,False,False,False,False,False,False,False,False,False,False,False,False,False,False,False,False,False,False,False,False,False,False,False,False,False,False,False,False,False,False,False,False,False,False,False,False,False,False,False,False,False,False,False
593,93,71,23,500,100,15.7,11.9,3.8,84.3,-0.5738737378761503,-0.5425642867917808,2.6104794479369295,-0.6946631361781037,-1.586125146015267,False,False,False,False,False,False,False,False,False,False,False,False,False,False,False,False,False,False,False,False,False,False,False,False,True,False,False,False,False,False,False,False,False,False,False,False,False,False,False,False,False,False,False,False,False,False,False,False,False,False,False,False,False,False,False,False,False,False,False,False,False,False,False,False,False,False,False,False,False,False,False,False,False
12056,1256,804,451,10800,100,10.4,6.7,3.7,89.6,-0.2397520275529393,-0.8303761665236215,0.6655679018873841,-0.8765109550714875,-0.9224637359701067,False,False,False,False,False,False,False,False,False,False,True,False,False,False,False,False,False,False,False,False,False,False,False,False,False,False,False,False,False,False,False,False,False,False,False,False,False,False,False,False,False,False,False,False,False,False,False,False,False,False,False,False,False,False,False,False,False,False,False,False,False,False,False,False,False,False,False,False,False,False,False,False,False
14330,2858,1754,1104,11473,100,19.9,12.2,7.7,80.1,-0.17346983534540364,-0.25475240705994023,0.8371777441858738,-0.3309674983913363,-0.19954684288519986,False,False,False,False,False,False,False,False,False,False,False,False,False,False,False,False,False,False,False,False,False,False,False,True,False,False,False,False,False,False,False,False,False,False,False,False,False,False,False,False,False,False,False,False,False,False,False,False,False,False,False,False,False,False,False,False,False,False,False,False,False,False,False,False,False,False,False,False,False,False,False,False,False
9288,1954,1170,784,7334,100,21.0,12.6,8.4,79.0,-0.320433253599755,-0.19307843283168852,0.8371777441858738,-0.27310682874344155,-0.1758446496693018,False,False,False,False,False,False,False,False,False,False,False,False,False,False,False,False,False,False,False,False,False,False,False,False,False,False,False,False,False,False,False,False,False,False,False,False,False,False,False,False,False,False,False,False,False,False,False,False,True,False,False,False,False,False,False,False,False,False,False,False,False,False,False,False,False,False,False,False,False,False,False,False,False
5042,903,583,320,4139,100,17.9,11.6,6.3,82.1,-0.44419498979729083,-0.35754236410702617,0.8657793845689556,-0.4384230277374267,-0.27065342253289576,False,False,False,False,False,False,False,False,False,False,False,False,False,False,False,False,False,False,False,False,False,False,False,False,False,False,False,False,False,False,False,False,False,False,False,False,False,False,False,False,False,False,False,False,False,False,False,False,False,False,False,False,False,False,False,False,False,False,False,False,True,False,False,False,False,False,False,False,False,False,False,False,False
18616,2673,1482,1190,15943,100,14.4,8.0,6.4,85.6,-0.04854218547667102,-0.5425642867917808,-0.3926927922866312,-0.5293469371841185,-0.02178039376596053,False,False,False,False,False,False,False,False,False,False,False,False,False,False,False,False,False,False,False,False,False,False,False,False,False,False,False,False,False,False,False,False,False,False,False,False,False,False,False,True,False,False,False,False,False,False,False,False,False,False,False,False,False,False,False,False,False,False,False,False,False,False,False,False,False,False,False,False,False,False,False,False,False
2947,809,463,346,2138,100,27.5,15.7,11.8,72.5,-0.5052597183262211,0.11529143830956931,0.8657793845689556,0.03272813939543091,-0.27065342253289576,False,False,False,False,False,False,False,False,False,False,False,False,False,False,False,False,False,False,False,False,False,False,False,False,False,False,False,False,False,False,False,False,False,False,False,False,False,False,False,False,False,False,False,False,False,False,False,False,False,False,False,False,False,False,False,False,False,False,False,False,False,False,False,False,False,False,False,False,False,True,False,False,False
15669,1864,1020,844,13806,100,11.9,6.5,5.4,88.1,-0.13444087520209216,-0.6659122352482839,-0.6501075557343645,-0.6533340864296073,0.08487947570558291,False,False,False,False,False,False,False,False,False,False,False,False,False,False,False,False,False,False,False,False,False,False,False,False,False,False,False,False,False,False,False,False,False,False,False,False,False,False,False,False,False,False,False,False,False,False,False,False,False,False,False,False,False,False,False,False,False,False,False,False,False,False,False,False,False,True,False,False,False,False,False,False,False
9488,1130,688,442,8358,100,11.9,7.3,4.7,88.1,-0.3146036852437712,-0.6453542438388667,0.5511613403550585,-0.7029289461278029,-0.12844026323750396,False,False,False,False,False,False,False,False,False,False,False,False,False,False,False,False,False,False,False,False,False,False,False,False,False,False,False,False,False,False,False,False,False,False,False,False,False,False,True,False,False,False,False,False,False,False,False,False,False,False,False,False,False,False,False,False,False,False,False,False,False,False,False,False,False,False,False,False,False,False,False,False,False
8132,752,390,362,7380,100,9.2,4.8,4.5,90.8,-0.35412815869734127,-0.7687021922953698,0.4653564192058147,-0.8186502854235925,0.23894373160892335,False,False,False,False,False,False,False,False,False,False,False,False,False,False,False,False,False,False,False,False,False,False,False,False,False,False,False,False,False,False,False,False,False,False,False,False,False,False,False,False,False,False,False,False,False,False,False,False,False,False,False,False,False,False,False,False,False,False,False,False,False,False,False,False,False,False,False,True,False,False,False,False,False
1356,378,298,80,978,100,27.9,22.0,5.9,72.1,-0.5516339345980721,0.0741754554907349,1.180397428782853,-0.0581957700512609,-0.8750593495383097,False,False,False,False,False,False,False,False,False,False,False,False,False,False,False,False,False,False,False,False,False,False,False,False,False,False,False,False,False,False,False,False,False,False,False,False,False,False,False,False,False,False,False,False,False,False,False,False,False,False,False,False,False,False,False,False,False,False,False,False,False,False,False,False,False,False,False,False,True,False,False,False,False
2731,1442,688,754,1289,100,52.8,25.2,27.6,47.2,-0.5115556521506835,1.8421627167006134,0.4367547788227328,1.8016114686310722,0.8670518518302354,False,False,False,False,False,False,False,False,False,False,False,False,False,False,False,False,False,False,False,True,False,False,False,False,False,False,False,False,False,False,False,False,False,False,False,False,False,False,False,False,False,False,False,False,False,False,False,False,False,False,False,False,False,False,False,False,False,False,False,False,False,False,False,False,False,False,False,False,False,False,False,False,False
10402,5995,2878,3117,4407,100,57.6,27.7,30.0,42.4,-0.28796255785692526,2.0683006222042017,0.23654329614116126,2.1157122467196436,0.9974139145176786,False,False,False,False,False,False,False,False,False,False,False,False,False,False,True,False,False,False,False,False,False,False,False,False,False,False,False,False,False,False,False,False,False,False,False,False,False,False,False,False,False,False,False,False,False,False,False,False,False,False,False,False,False,False,False,False,False,False,False,False,False,False,False,False,False,False,False,False,False,False,False,False,False
7257,4625,2083,2542,2632,100,63.7,28.7,35.0,36.3,-0.37963252025477034,2.6233663902584667,0.5511613403550585,2.5538001740537046,1.1988825568528167,False,False,False,False,False,False,False,False,False,False,False,False,False,False,False,False,False,False,False,False,False,False,False,False,False,False,False,False,False,False,False,False,False,False,False,False,False,False,False,False,False,False,False,False,False,False,False,False,False,False,False,False,True,False,False,False,False,False,False,False,False,False,False,False,False,False,False,False,False,False,False,False,False
3145,1370,795,575,1775,100,43.6,25.3,18.3,56.4,-0.4994884456537971,0.834821137639171,-0.5070993538189569,0.9915620935605449,0.26264592482482224,False,False,False,False,False,False,False,False,False,False,False,False,False,False,False,False,False,False,False,False,False,False,False,False,False,False,False,False,False,False,False,False,False,False,False,False,False,False,False,False,False,False,False,False,False,False,False,False,False,False,False,False,False,False,False,False,False,False,False,False,False,False,False,False,True,False,False,False,False,False,False,False,False
21228,10133,4408,5726,11094,100,47.7,20.8,27.0,52.3,0.02759197725247728,1.6365828026064413,0.2651449365242432,1.6528268895364853,1.2936913297164108,False,False,False,False,False,False,False,False,False,False,False,False,False,False,False,False,False,False,False,False,False,False,False,False,False,False,False,False,False,False,False,True,False,False,False,False,False,False,False,False,False,False,False,False,False,False,False,False,False,False,False,False,False,False,False,False,False,False,False,False,False,False,False,False,False,False,False,False,False,False,False,False,False
13626,8483,3699,4783,5143,100,62.3,27.2,35.1,37.7,-0.19398991595846657,2.5411344246207976,0.5225596999719765,2.4959395044058095,1.3647979093641058,False,False,False,False,False,False,False,False,False,False,False,False,False,False,False,False,False,False,False,False,False,False,False,False,False,False,False,False,False,False,False,False,False,False,False,False,False,False,False,False,False,False,False,False,False,False,False,False,False,False,False,False,False,False,False,False,False,False,False,False,False,False,False,True,False,False,False,False,False,False,False,False,False
7602,1651,708,942,5952,100,21.7,9.3,12.4,78.3,-0.3695765148406983,0.012501481262483367,-0.16387966922197975,0.04099394934513028,0.9737117213017796,False,False,False,False,False,False,False,False,False,False,False,False,False,False,False,False,False,False,False,False,False,False,False,False,False,False,False,False,False,False,False,False,False,False,False,False,False,False,False,False,False,False,False,False,False,False,False,False,False,False,False,False,False,False,False,False,False,False,False,True,False,False,False,False,False,False,False,False,False,False,False,False,False
36481,6686,4018,2668,29795,100,18.3,11.0,7.3,81.7,0.472184007921581,-0.4397743297446948,-0.2496845903712235,-0.41362559788832887,-0.47212206486803404,False,False,False,False,False,False,False,False,False,False,False,False,True,False,False,False,False,False,False,False,False,False,False,False,False,False,False,False,False,False,False,False,False,False,False,False,False,False,False,False,False,False,False,False,False,False,False,False,False,False,False,False,False,False,False,False,False,False,False,False,False,False,False,False,False,False,False,False,False,False,False,False,False
14235,2424,1822,602,11810,100,17.0,12.8,4.2,83.0,-0.17623888031449594,-0.6453542438388667,-0.30688787113738736,-0.6450682764799082,-1.823147078174253,False,False,False,False,False,False,False,False,False,False,False,False,False,False,False,False,False,False,False,False,False,False,False,False,False,False,False,False,False,False,False,False,False,False,False,False,False,False,False,False,False,False,False,False,False,False,False,False,False,False,True,False,False,False,False,False,False,False,False,False,False,False,False,False,False,False,False,False,False,False,False,False,False
22246,4262,2196,2066,17985,100,19.2,9.9,9.3,80.8,0.057264480184434766,-0.29586838987877445,-0.22108294998814157,-0.27310682874344155,0.2981992146486698,False,False,False,False,False,False,False,False,False,False,False,False,False,False,False,False,False,False,False,False,False,False,False,False,False,False,False,False,False,False,False,False,False,False,False,False,False,False,False,False,False,False,False,False,False,False,False,False,False,False,False,False,False,True,False,False,False,False,False,False,False,False,False,False,False,False,False,False,False,False,False,False,False
7111,1121,611,510,5990,100,15.8,8.6,7.2,84.2,-0.3838881051546385,-0.4397743297446948,0.23654329614116126,-0.4632204575865245,0.2270926350009747,False,False,False,False,False,False,False,False,False,False,False,False,False,False,False,False,False,False,False,False,False,False,False,False,False,False,False,False,False,False,False,False,False,False,False,False,False,False,False,False,False,False,False,False,False,False,False,False,False,False,False,False,False,False,False,False,False,False,False,False,False,False,False,False,False,False,False,False,False,False,False,True,False
11419,2148,1097,1050,9271,100,18.8,9.6,9.2,81.2,-0.2583192027667477,-0.3369843726976089,-0.30688787113738736,-0.2979042585925394,0.16783715196122828,False,False,False,False,False,False,False,False,False,False,False,False,False,False,False,False,False,False,False,False,False,False,False,False,False,False,False,False,False,False,False,False,False,False,False,False,False,False,False,False,False,False,False,False,False,False,False,False,False,False,False,False,False,False,False,False,False,False,False,False,False,False,False,False,False,False,False,False,False,False,True,False,False
3717,993,488,505,2724,100,26.7,13.1,13.6,73.3,-0.48281588015568344,0.0741754554907349,-0.8789206787990179,0.23110757818821326,0.689285402710996,False,False,False,False,False,False,False,False,False,False,False,False,False,False,False,False,False,False,False,False,False,False,False,False,False,False,False,False,False,False,False,False,False,False,False,False,False,False,False,False,False,False,False,False,False,False,False,False,False,False,False,False,False,False,False,False,False,False,False,False,False,False,False,False,False,False,False,False,False,False,False,False,True
13453,1224,694,530,12229,100,9.1,5.2,3.9,90.9,-0.19903249258639255,-0.8714921493424559,-1.4223518460775666,-0.8186502854235925,-0.40101548522033814,False,False,False,False,False,False,False,False,False,False,False,False,False,False,False,False,False,False,False,False,False,True,False,False,False,False,False,False,False,False,False,False,False,False,False,False,False,False,False,False,False,False,False,False,False,False,False,False,False,False,False,False,False,False,False,False,False,False,False,False,False,False,False,False,False,False,False,False,False,False,False,False,False
3333,725,369,356,2608,100,21.7,11.1,10.7,78.3,-0.4940086513991723,-0.21363642424110582,-1.3365469249283228,-0.0581957700512609,0.15598605535327797,False,False,False,False,False,False,False,False,False,False,False,False,False,False,False,False,False,False,False,False,False,False,False,False,False,False,False,False,False,False,False,False,False,False,False,False,False,False,False,False,False,False,False,False,True,False,False,False,False,False,False,False,False,False,False,False,False,False,False,False,False,False,False,False,False,False,False,False,False,False,False,False,False
10120,500,326,174,9621,100,4.9,3.2,1.7,95.1,-0.2961822492388624,-1.0770720634366278,-1.4223518460775666,-1.0748903938642695,-1.1357834749131936,False,False,False,False,False,False,False,False,False,False,False,False,False,False,False,False,False,False,False,False,False,False,False,False,False,False,False,False,False,False,False,False,False,False,False,False,False,False,False,False,False,True,False,False,False,False,False,False,False,False,False,False,False,False,False,False,False,False,False,False,False,False,False,False,False,False,False,False,False,False,False,False,False
7705,1359,781,578,6347,100,17.6,10.1,7.5,82.4,-0.3665742871373667,-0.4397743297446948,-0.7359124768836103,-0.3888281680392312,0.049326185881735374,False,False,False,False,False,False,False,False,False,False,False,False,False,False,False,False,False,False,False,False,False,False,False,False,False,False,True,False,False,False,False,False,False,False,False,False,False,False,False,False,False,False,False,False,False,False,False,False,False,False,False,False,False,False,False,False,False,False,False,False,False,False,False,False,False,False,False,False,False,False,False,False,False
7089,1288,759,529,5801,100,18.2,10.7,7.5,81.8,-0.38452935767379676,-0.4397743297446948,-0.6501075557343645,-0.3888281680392312,-0.09288697341365644,False,False,False,False,False,False,False,False,False,False,False,False,False,False,False,False,False,False,False,False,False,False,False,False,False,False,False,False,False,False,False,False,False,False,False,False,False,False,False,False,False,False,False,False,False,False,False,False,False,False,False,False,False,False,False,False,False,False,False,False,False,True,False,False,False,False,False,False,False,False,False,False,False
616,70,22,48,546,100,11.4,3.6,7.8,88.6,-0.5732033375152121,-0.563122278201198,-1.8799780922068714,-0.42189140783802825,0.10265612061750752,False,False,False,False,False,False,False,False,False,False,False,False,False,False,False,False,False,False,False,False,False,False,False,False,False,False,False,False,False,False,False,False,False,False,False,False,False,False,False,False,False,False,False,False,False,False,False,False,False,False,False,False,False,False,False,False,False,False,False,False,False,False,True,False,False,False,False,False,False,False,False,False,False
8017,2186,1437,749,5831,100,27.3,17.9,9.3,72.7,-0.35748016050203196,0.0536174640813176,0.7799744634197119,-0.016866720302764465,-0.3773132920044392,False,False,False,False,False,False,False,False,False,False,False,False,False,False,False,False,False,False,False,False,False,False,False,False,False,False,False,False,False,False,False,False,False,False,True,False,False,False,False,False,False,False,False,False,False,False,False,False,False,False,False,False,False,False,False,False,False,False,False,False,False,False,False,False,False,False,False,False,False,False,False,False,False
141185,31364,17038,14326,109821,100,22.2,12.1,10.1,77.8,3.524079633646215,-0.06973048437518546,0.06493345384267371,-0.0581957700512609,0.3693057942963665,False,False,False,False,False,False,False,False,True,False,False,False,False,False,False,False,False,False,False,False,False,False,False,False,False,False,False,False,False,False,False,False,False,False,False,False,False,False,False,False,False,False,False,False,False,False,False,False,False,False,False,False,False,False,False,False,False,False,False,False,False,False,False,False,False,False,False,False,False,False,False,False,False
119526,27224,14197,13027,92302,100,22.8,11.9,10.9,77.2,2.8927665285349504,-0.008056510146933931,0.007730173076509839,0.007930709546333074,0.5470722434156059,False,False,False,False,False,False,False,False,False,False,False,False,False,False,False,False,False,False,False,False,False,False,False,False,False,False,False,False,False,True,False,False,False,False,False,False,False,False,False,False,False,False,False,False,False,False,False,False,False,False,False,False,False,False,False,False,False,False,False,False,False,False,False,False,False,False,False,False,False,False,False,False,False
21659,4140,2841,1299,17519,100,19.1,13.1,6.0,80.9,0.040154697059622345,-0.4192163383352777,0.29374657690732514,-0.4466888376871259,-0.8158038664985633,False,False,False,False,False,False,False,False,False,False,False,False,False,False,False,False,False,True,False,False,False,False,False,False,False,False,False,False,False,False,False,False,False,False,False,False,False,False,False,False,False,False,False,False,False,False,False,False,False,False,False,False,False,False,False,False,False,False,False,False,False,False,False,False,False,False,False,False,False,False,False,False,False
4215,1390,868,522,2826,100,33.0,20.6,12.4,67.0,-0.4683002549492838,0.4853352836790785,0.4367547788227328,0.4460186368803938,0.2270926350009747,False,False,False,False,False,False,False,False,False,False,False,False,False,False,False,False,False,False,False,False,False,False,False,False,False,False,False,False,False,False,False,False,False,False,False,False,False,False,False,False,False,False,False,False,False,False,False,False,False,False,False,True,False,False,False,False,False,False,False,False,False,False,False,False,False,False,False,False,False,False,False,False,False
7270,1717,1201,517,5552,100,23.6,16.5,7.1,76.4,-0.3792535983116314,-0.23419441565052293,0.2651449365242432,-0.2565752088440431,-0.8750593495383097,False,False,False,False,False,False,False,False,False,False,False,False,False,False,False,False,False,False,False,False,False,False,False,False,False,False,False,False,False,False,False,False,False,False,False,False,False,False,False,False,False,False,False,False,False,False,False,False,False,False,False,False,False,False,False,False,False,False,False,False,False,False,False,False,False,False,True,False,False,False,False,False,False
10174,1032,772,260,9141,100,10.1,7.6,2.6,89.9,-0.2946082657827468,-0.9126081321612901,0.2651449365242432,-0.9509032446187806,-2.1312755899809344,False,False,False,False,False,False,False,False,False,False,False,False,False,False,False,False,False,False,False,False,False,False,False,False,False,False,False,False,False,False,False,False,False,False,False,False,False,False,False,False,False,False,False,False,False,False,False,False,False,False,False,False,False,False,False,False,False,True,False,False,False,False,False,False,False,False,False,False,False,False,False,False,False
16090,5960,2779,3181,10130,100,37.0,17.3,19.8,63.0,-0.12216963381274629,0.5675672493167473,-0.22108294998814157,0.6526638856228753,0.4878167603758594,False,False,False,False,False,True,False,False,False,False,False,False,False,False,False,False,False,False,False,False,False,False,False,False,False,False,False,False,False,False,False,False,False,False,False,False,False,False,False,False,False,False,False,False,False,False,False,False,False,False,False,False,False,False,False,False,False,False,False,False,False,False,False,False,False,False,False,False,False,False,False,False,False
6760,2839,1444,1395,3921,100,42.0,21.4,20.6,58.0,-0.39411899761939007,0.8759371204580052,0.6941695422704661,0.8014484647174619,0.12043276552943044,False,False,False,False,False,False,False,False,False,False,False,False,False,False,False,False,False,False,False,False,False,False,False,False,False,False,False,False,False,False,False,False,False,False,False,True,False,False,False,False,False,False,False,False,False,False,False,False,False,False,False,False,False,False,False,False,False,False,False,False,False,False,False,False,False,False,False,False,False,False,False,False,False
9330,3121,1336,1786,6209,100,33.5,14.3,19.1,66.5,-0.3192090442449984,0.3414293438131583,-0.850319038415936,0.5204109264276873,0.8789029484381856,False,False,False,False,False,False,False,False,False,False,False,False,False,False,False,False,False,False,False,False,False,False,False,False,False,False,False,False,False,False,False,False,False,False,False,False,True,False,False,False,False,False,False,False,False,False,False,False,False,False,False,False,False,False,False,False,False,False,False,False,False,False,False,False,False,False,False,False,False,False,False,False,False
